x,y,hr,min,sec,deg,m,s
58.59436,14.5106,20,43,18.64765,-5,9,52.895
62.93647,17.33751,20,42,29.43425,-5,18,4.429
65.79217,29.4024,20,41,58.0708,-5,52,27.624
55.68394,31.20315,20,43,53.81355,-5,57,14.799
53.17282,28.12194,20,44,22.1799,-5,48,24.1804
41.7781,17.71728,20,46,36.44385,-5,18,46.367
57.37332,22.48656,,,,,,